gender,race,parental_education,lunch,test_prep,average_score
0,1,1,1,1,72.66666666666667
0,2,4,1,0,82.33333333333333
0,1,3,1,1,92.66666666666667
1,0,0,0,1,49.333333333333336
1,2,4,1,1,76.33333333333333
0,1,0,1,1,77.33333333333333
0,1,4,1,0,91.66666666666667
1,1,4,0,1,40.666666666666664
1,3,2,0,0,65.0
0,1,2,0,1,49.333333333333336
1,2,0,1,1,54.666666666666664
1,3,0,1,1,45.0
0,1,2,1,1,73.0
1,0,4,1,0,73.33333333333333
0,0,3,1,1,53.666666666666664
0,2,5,1,1,74.0
1,2,2,1,1,87.66666666666667
0,1,5,0,1,26.0
1,2,3,0,0,44.666666666666664
0,2,0,0,1,57.666666666666664
1,3,2,1,1,66.0
0,1,4,0,0,70.0
1,3,4,1,1,50.333333333333336
0,2,5,1,1,71.66666666666667
1,3,1,0,0,75.0
1,0,3,0,1,73.0
1,1,4,1,1,59.333333333333336
0,2,1,1,1,70.33333333333333
1,2,2,1,1,68.33333333333333
0,3,3,1,1,69.0
0,3,4,1,1,72.33333333333333
0,1,4,1,1,63.0
0,4,3,0,1,64.33333333333333
1,3,4,1,1,40.0
1,4,4,1,1,88.66666666666667
1,4,0,1,0,80.33333333333333
0,3,0,1,1,79.33333333333333
0,3,5,0,1,57.666666666666664
0,3,0,0,0,84.33333333333333
1,1,0,0,1,56.666666666666664
1,2,0,0,1,56.666666666666664
0,2,0,1,1,66.33333333333333
0,1,0,1,1,58.666666666666664
1,1,4,0,0,63.333333333333336
0,4,0,0,1,53.333333333333336
1,1,0,1,1,58.666666666666664
0,0,0,1,0,60.666666666666664
0,2,2,1,1,71.0
0,3,0,0,0,69.0
1,2,2,1,0,82.66666666666667
1,4,4,1,1,52.0
1,4,0,0,0,71.33333333333333
1,2,4,1,1,46.333333333333336
1,3,2,1,1,80.33333333333333
0,2,5,0,0,80.66666666666667
0,2,2,0,1,39.0
0,4,0,1,0,84.33333333333333
1,3,0,1,1,52.0
1,3,4,1,0,58.333333333333336
0,2,5,0,1,9.0
1,4,1,0,0,75.0
1,0,5,0,1,37.333333333333336
1,0,0,0,1,59.333333333333336
0,2,0,1,1,73.33333333333333
0,3,5,1,1,58.666666666666664
1,1,5,1,1,64.0
1,3,5,0,1,39.666666666666664
0,2,4,1,1,68.66666666666667
1,1,0,0,1,58.333333333333336
0,2,0,1,1,53.333333333333336
0,3,4,0,0,64.66666666666667
1,3,4,1,0,60.333333333333336
0,0,0,0,1,46.666666666666664
1,2,5,0,1,58.0
1,2,5,1,1,46.333333333333336
1,1,0,0,1,41.0
1,4,5,1,1,26.0
1,0,1,1,0,79.66666666666667
0,3,5,1,0,69.0
0,4,3,1,1,66.0
0,1,0,1,1,48.666666666666664
1,1,2,0,1,46.333333333333336
1,0,4,0,0,50.333333333333336
1,4,0,1,1,66.33333333333333
1,3,2,0,1,38.333333333333336
0,2,4,1,1,78.33333333333333
0,2,4,0,1,82.33333333333333
0,3,0,1,1,72.0
0,0,4,1,1,65.0
0,3,5,1,1,80.33333333333333
0,2,1,1,1,70.33333333333333
1,2,2,0,1,32.333333333333336
1,2,2,1,1,73.66666666666667
1,2,0,0,0,46.0
0,1,4,1,1,85.66666666666667
1,2,0,0,0,80.33333333333333
1,1,5,1,0,64.33333333333333
0,4,4,1,0,68.33333333333333
0,3,4,0,1,62.333333333333336
0,3,1,1,1,64.66666666666667
1,1,4,1,1,71.0
1,3,1,1,0,72.0
0,3,0,1,1,88.33333333333333
1,1,2,1,0,50.333333333333336
1,2,4,1,0,91.33333333333333
0,2,4,1,1,65.66666666666667
0,3,3,1,1,95.66666666666667
1,4,0,1,0,64.33333333333333
0,1,0,0,1,66.0
0,1,5,1,1,68.66666666666667
0,3,0,0,0,88.0
1,2,2,1,1,55.333333333333336
1,0,0,1,1,51.333333333333336
0,3,4,1,1,54.333333333333336
0,4,1,1,0,99.66666666666667
1,2,2,1,1,78.33333333333333
0,1,1,0,1,80.66666666666667
0,3,1,1,1,79.66666666666667
0,3,5,1,1,58.333333333333336
0,2,4,1,1,63.0
0,2,1,1,0,86.66666666666667
1,1,0,1,0,90.66666666666667
0,2,4,1,0,91.33333333333333
1,3,2,0,1,58.666666666666664
1,4,4,1,1,78.66666666666667
0,1,2,1,1,89.33333333333333
1,1,5,1,1,69.0
1,3,4,1,0,72.0
1,3,3,1,1,79.33333333333333
0,0,1,1,1,50.333333333333336
1,3,3,1,1,85.0
1,2,5,0,0,43.333333333333336
1,4,4,0,0,77.0
0,2,4,1,0,80.0
1,3,1,0,0,76.0
1,2,1,1,1,53.666666666666664
1,1,5,1,0,48.666666666666664
1,4,2,1,1,60.333333333333336
0,2,0,1,1,64.0
1,3,4,1,0,67.0
0,3,5,1,1,73.0
0,2,4,0,1,61.666666666666664
0,4,4,0,0,50.333333333333336
1,0,2,1,1,49.0
1,3,4,1,1,79.66666666666667
0,2,4,0,1,31.333333333333332
1,1,5,1,1,82.33333333333333
1,2,0,0,1,69.0
0,3,1,1,0,74.66666666666667
1,4,0,0,0,97.66666666666667
1,0,5,1,0,66.0
1,0,1,1,1,70.66666666666667
0,1,0,1,0,65.0
1,3,1,1,1,50.0
1,3,5,1,1,63.333333333333336
0,2,4,1,0,82.33333333333333
0,4,2,0,0,72.66666666666667
1,1,4,0,1,60.0
0,1,0,1,0,78.0
1,3,0,0,1,64.0
1,1,0,0,0,78.0
0,4,4,0,0,82.66666666666667
1,1,3,0,1,51.333333333333336
1,2,2,1,1,51.333333333333336
0,4,3,1,1,88.0
0,2,1,1,0,98.66666666666667
1,2,2,0,0,51.666666666666664
0,1,3,0,0,70.66666666666667
0,1,2,1,0,76.33333333333333
0,2,4,0,0,70.66666666666667
1,0,2,1,0,73.0
1,4,5,1,1,86.66666666666667
0,3,4,1,1,82.0
0,2,0,1,1,66.66666666666667
0,2,1,0,0,49.333333333333336
0,2,3,1,0,86.33333333333333
0,1,2,0,0,52.666666666666664
0,2,0,1,0,75.0
0,1,3,0,0,61.333333333333336
0,3,5,1,0,99.0
1,2,3,0,0,68.33333333333333
0,2,4,0,1,58.666666666666664
0,4,2,1,1,49.0
0,3,0,1,1,68.0
1,2,5,0,0,48.666666666666664
1,2,0,0,0,65.66666666666667
1,4,2,1,1,73.66666666666667
1,3,5,1,0,65.33333333333333
1,1,5,0,1,48.333333333333336
0,2,1,1,1,84.0
0,4,0,1,1,66.66666666666667
1,3,4,1,0,79.33333333333333
0,1,5,1,1,64.0
1,3,4,1,0,67.0
0,2,3,1,0,79.33333333333333
1,3,0,1,1,56.0
1,2,5,0,0,64.33333333333333
1,4,2,0,1,54.0
0,1,4,0,1,51.0
0,1,1,0,1,77.66666666666667
0,2,0,1,0,79.0
0,3,4,0,1,74.33333333333333
1,2,0,1,1,71.66666666666667
0,1,0,1,1,64.66666666666667
1,2,4,1,1,47.333333333333336
1,3,5,1,0,74.33333333333333
1,4,1,1,1,68.66666666666667
1,4,2,1,0,79.0
0,1,4,0,1,77.0
0,1,4,0,1,61.666666666666664
1,3,5,0,0,79.33333333333333
1,2,4,0,1,30.0
0,2,2,0,1,54.666666666666664
1,2,0,0,0,55.666666666666664
1,4,2,1,0,86.33333333333333
1,1,5,1,0,80.66666666666667
0,4,0,0,0,85.66666666666667
0,2,2,0,1,38.333333333333336
1,1,2,0,1,71.0
1,1,5,1,0,57.666666666666664
0,3,2,1,0,66.0
1,1,0,1,1,81.66666666666667
0,2,5,0,1,60.666666666666664
1,3,5,1,1,80.33333333333333
0,1,0,1,0,63.666666666666664
0,4,3,0,1,51.666666666666664
0,2,4,1,1,71.66666666666667
1,3,2,1,1,53.666666666666664
1,0,5,0,1,68.0
0,2,4,1,0,92.33333333333333
1,3,4,1,1,68.66666666666667
1,2,0,1,1,43.666666666666664
0,1,1,1,1,78.66666666666667
1,4,5,1,1,85.66666666666667
1,2,1,1,0,83.0
1,3,0,1,1,77.33333333333333
1,3,1,0,1,65.33333333333333
0,3,5,1,0,66.0
1,1,4,1,1,52.333333333333336
1,2,0,1,1,81.33333333333333
1,3,2,0,0,69.0
0,4,1,1,1,82.0
0,3,2,1,1,54.333333333333336
1,4,4,1,1,51.0
1,3,5,1,1,72.66666666666667
1,2,0,1,1,77.33333333333333
1,4,0,1,1,79.66666666666667
0,1,2,1,0,65.33333333333333
0,1,2,1,1,63.666666666666664
1,2,2,1,1,60.333333333333336
1,0,5,1,0,48.333333333333336
0,3,4,0,1,79.0
0,1,5,1,0,66.66666666666667
1,3,3,1,1,77.33333333333333
1,3,2,1,1,52.666666666666664
0,4,4,1,1,68.33333333333333
0,2,0,0,1,68.33333333333333
1,2,0,1,0,77.33333333333333
0,1,4,1,1,74.33333333333333
0,2,3,0,0,75.66666666666667
0,2,5,0,0,73.33333333333333
1,2,4,1,0,78.66666666666667
0,2,5,0,1,48.333333333333336
0,4,2,1,1,94.0
1,3,2,1,1,72.33333333333333
1,3,5,0,1,47.333333333333336
0,2,1,1,1,73.0
0,3,2,1,1,72.66666666666667
0,3,0,1,0,91.66666666666667
0,4,4,0,1,72.33333333333333
1,2,1,1,1,64.33333333333333
1,2,4,1,1,49.666666666666664
0,3,0,0,1,52.666666666666664
0,3,4,1,1,68.66666666666667
1,1,4,1,0,83.0
1,2,1,1,1,78.0
0,2,5,1,0,90.0
0,4,2,1,0,65.66666666666667
0,2,5,0,1,77.0
1,1,1,0,1,62.0
1,3,2,1,1,49.0
1,3,2,1,1,46.333333333333336
0,3,1,0,1,78.66666666666667
0,3,4,0,0,75.33333333333333
0,1,5,1,1,43.0
1,1,0,1,0,81.66666666666667
1,4,0,1,0,89.0
0,1,5,1,1,79.33333333333333
1,1,1,0,1,79.66666666666667
1,4,5,1,0,76.66666666666667
1,2,0,1,1,71.33333333333333
1,3,5,1,1,76.33333333333333
1,2,5,1,0,60.0
0,4,1,1,1,71.0
1,3,2,0,0,78.33333333333333
1,1,0,0,1,63.0
1,0,5,1,0,43.333333333333336
1,4,0,1,0,71.0
1,2,2,0,0,45.333333333333336
1,3,0,0,1,84.0
1,0,4,0,0,80.0
1,3,5,0,1,54.0
0,2,0,1,0,77.33333333333333
1,1,0,1,1,73.33333333333333
0,2,0,1,0,77.33333333333333
1,0,4,1,1,68.33333333333333
1,4,4,1,0,89.0
1,2,5,1,1,49.0
0,1,0,0,1,63.666666666666664
0,3,2,0,1,52.666666666666664
0,1,0,1,1,76.33333333333333
1,1,1,1,1,61.0
1,3,1,1,0,65.33333333333333
0,2,0,0,0,68.0
0,2,1,1,0,66.0
1,2,2,1,1,67.33333333333333
0,3,3,1,0,83.33333333333333
1,2,0,1,1,77.66666666666667
1,1,1,1,1,67.66666666666667
0,3,0,0,1,61.333333333333336
0,2,2,0,0,76.66666666666667
0,4,2,1,1,80.0
0,2,4,1,1,77.33333333333333
0,2,5,0,1,49.666666666666664
0,2,2,0,1,43.333333333333336
0,2,4,1,1,88.66666666666667
1,2,4,1,1,61.333333333333336
1,0,4,0,1,23.333333333333332
1,2,0,1,0,78.0
0,1,5,1,1,49.0
1,2,2,1,1,64.0
1,2,0,1,1,39.666666666666664
1,4,0,1,0,57.0
1,1,0,1,1,83.0
0,2,1,1,1,90.33333333333333
0,1,4,0,1,65.0
1,3,5,1,0,71.66666666666667
1,2,0,1,1,47.666666666666664
0,1,5,0,1,29.666666666666668
0,3,5,0,0,50.0
1,2,2,0,1,57.0
0,2,2,1,1,65.66666666666667
0,1,2,1,0,73.0
1,3,0,1,0,68.66666666666667
1,3,4,1,1,73.0
0,2,2,1,1,75.66666666666667
1,1,4,1,1,60.0
0,2,1,1,0,88.66666666666667
1,3,2,0,1,71.66666666666667
1,4,0,1,1,79.0
0,1,1,1,1,62.0
1,4,4,1,1,58.333333333333336
0,2,4,1,0,73.66666666666667
0,2,0,1,1,53.666666666666664
0,2,4,1,1,66.66666666666667
0,1,1,1,1,67.66666666666667
1,0,0,1,1,61.666666666666664
0,2,4,0,0,59.0
1,3,4,0,1,60.666666666666664
0,3,4,1,1,86.33333333333333
0,1,2,1,1,59.666666666666664
1,1,5,1,0,82.33333333333333
0,2,4,1,1,56.0
0,3,5,0,1,31.0
1,2,4,1,1,59.0
1,0,1,0,0,55.666666666666664
1,2,2,1,0,60.0
1,2,1,0,1,62.666666666666664
0,0,5,0,1,55.333333333333336
0,3,5,1,1,80.66666666666667
1,4,4,1,1,77.33333333333333
0,2,4,0,0,62.666666666666664
1,3,5,1,1,73.33333333333333
0,3,4,1,0,91.66666666666667
0,3,1,1,1,67.33333333333333
1,4,0,0,1,43.333333333333336
0,3,5,1,1,84.0
0,3,3,0,0,93.33333333333333
0,0,5,1,1,77.0
1,0,1,1,1,64.0
0,1,0,1,1,83.0
1,2,0,1,0,94.0
1,2,3,0,1,77.0
0,4,5,0,1,44.0
0,0,5,0,1,41.333333333333336
0,4,4,1,1,72.66666666666667
0,4,1,1,1,69.0
0,2,0,0,1,67.33333333333333
0,3,2,1,1,63.333333333333336
1,3,3,1,1,72.66666666666667
1,4,5,0,0,66.33333333333333
0,3,4,1,1,74.0
1,4,4,1,1,70.0
1,2,0,1,0,55.666666666666664
0,2,5,1,0,72.0
1,0,2,0,1,44.666666666666664
0,1,2,0,1,60.0
0,2,0,1,1,89.66666666666667
1,1,5,1,1,64.66666666666667
1,3,5,1,1,57.666666666666664
0,2,5,1,0,60.0
1,0,4,1,1,46.333333333333336
0,0,4,0,1,56.333333333333336
0,3,2,1,0,95.66666666666667
0,2,2,1,1,58.333333333333336
0,2,5,1,1,68.0
1,1,0,1,0,64.33333333333333
0,1,0,1,1,79.66666666666667
0,3,2,0,0,55.0
1,3,0,1,0,85.33333333333333
0,3,3,1,0,71.66666666666667
1,4,4,1,0,81.66666666666667
1,3,0,1,1,65.66666666666667
1,1,5,1,0,65.66666666666667
0,2,1,0,0,67.33333333333333
1,4,2,1,1,75.33333333333333
1,2,1,1,0,71.0
1,2,0,1,1,71.33333333333333
1,3,4,1,1,63.0
1,4,2,0,0,55.666666666666664
0,2,0,0,0,89.33333333333333
0,3,2,1,0,59.666666666666664
0,3,3,0,0,57.333333333333336
0,0,5,1,0,74.66666666666667
1,1,4,0,1,38.0
0,2,4,0,1,63.666666666666664
1,2,1,1,1,85.0
1,2,5,0,1,68.33333333333333
1,0,5,0,1,59.0
1,2,5,0,1,61.666666666666664
1,2,0,0,1,63.0
0,2,2,1,1,67.66666666666667
1,2,2,1,1,57.333333333333336
0,0,5,0,1,52.0
1,2,5,1,1,68.33333333333333
1,2,4,0,0,50.333333333333336
1,3,0,1,1,69.0
1,3,0,0,1,71.33333333333333
1,2,2,1,1,59.0
1,3,5,1,0,86.33333333333333
0,2,4,1,0,75.66666666666667
0,3,2,1,1,79.66666666666667
0,0,5,0,1,67.0
0,1,0,1,1,77.33333333333333
1,0,5,0,1,78.0
0,2,5,1,0,72.66666666666667
1,3,4,0,1,65.0
1,2,2,1,0,82.33333333333333
1,1,2,1,1,45.0
1,1,0,1,1,75.33333333333333
0,2,4,0,0,78.0
0,4,4,1,1,96.33333333333333
0,2,0,0,1,72.0
1,2,4,0,1,57.333333333333336
0,2,0,0,1,58.666666666666664
1,2,1,0,1,46.666666666666664
0,3,1,1,1,85.66666666666667
1,3,0,0,1,51.666666666666664
0,4,1,1,1,100.0
1,1,2,1,0,68.33333333333333
1,2,1,0,1,55.333333333333336
1,1,4,0,1,51.0
0,4,4,1,1,72.33333333333333
0,2,4,0,1,86.0
1,0,1,1,0,65.0
0,2,4,1,1,87.33333333333333
0,3,0,0,1,31.666666666666668
1,0,2,0,0,68.0
0,0,2,0,0,83.33333333333333
1,2,4,1,1,80.33333333333333
0,2,0,1,0,86.0
0,2,2,1,1,68.66666666666667
0,2,0,1,0,79.33333333333333
0,3,5,1,1,62.333333333333336
0,1,0,1,0,90.33333333333333
0,3,1,1,0,76.66666666666667
1,4,1,1,0,68.0
1,3,0,1,1,73.33333333333333
0,3,3,1,1,63.0
1,4,0,1,1,71.33333333333333
1,1,2,1,0,70.66666666666667
0,3,0,0,1,55.666666666666664
1,2,4,0,1,65.66666666666667
1,0,2,1,1,52.333333333333336
0,1,0,1,1,51.666666666666664
1,2,2,1,1,71.66666666666667
1,3,4,0,1,54.666666666666664
0,2,0,0,1,69.66666666666667
1,1,5,1,0,58.0
1,0,0,0,0,81.0
0,0,0,0,1,75.33333333333333
0,2,0,1,1,66.0
0,2,4,1,1,85.33333333333333
0,2,1,1,1,86.33333333333333
0,1,2,1,1,62.0
1,3,2,1,0,66.0
0,2,4,1,1,51.333333333333336
0,3,4,0,0,71.0
0,1,5,1,1,67.66666666666667
1,4,4,1,1,73.0
0,3,3,1,1,78.33333333333333
0,1,0,1,0,91.0
1,2,4,0,1,59.333333333333336
0,4,0,1,0,92.0
0,3,3,0,1,51.0
0,1,5,1,1,81.33333333333333
1,0,2,1,1,68.0
1,1,1,0,1,56.0
1,2,3,1,1,78.0
0,2,1,1,1,88.33333333333333
1,3,4,1,1,73.33333333333333
1,0,5,1,1,52.333333333333336
1,3,5,0,1,54.333333333333336
0,1,5,1,0,59.0
0,1,3,0,0,89.33333333333333
0,2,5,1,0,82.66666666666667
0,3,4,1,1,82.33333333333333
0,4,4,1,0,71.0
0,3,5,1,0,74.0
0,1,2,0,0,74.66666666666667
1,3,4,1,1,57.333333333333336
0,2,0,1,1,87.0
1,3,1,1,1,61.333333333333336
1,2,3,0,1,54.333333333333336
1,2,2,1,0,51.333333333333336
1,4,4,1,1,62.333333333333336
1,2,5,0,0,59.0
0,2,2,0,1,44.0
0,3,1,0,1,39.0
0,2,0,1,1,68.66666666666667
0,2,0,1,0,69.33333333333333
0,2,5,1,1,51.333333333333336
1,4,0,1,0,60.333333333333336
0,4,0,1,0,87.0
1,1,2,1,0,70.0
0,2,1,0,0,77.33333333333333
1,2,0,1,0,56.333333333333336
0,3,2,1,1,59.666666666666664
1,4,1,1,0,74.0
1,0,0,1,0,91.66666666666667
1,2,2,1,0,70.66666666666667
1,3,0,0,0,80.33333333333333
0,2,0,1,1,79.0
0,3,0,1,1,88.66666666666667
0,3,3,1,1,64.33333333333333
1,4,5,0,0,80.33333333333333
0,0,5,1,0,96.33333333333333
1,2,2,1,0,67.66666666666667
0,2,2,0,1,64.33333333333333
1,2,3,1,1,73.33333333333333
1,2,5,0,1,73.33333333333333
1,1,1,0,0,88.33333333333333
0,1,0,1,1,46.0
1,3,4,0,1,67.66666666666667
1,4,0,1,1,46.0
0,2,4,0,1,34.666666666666664
0,2,0,1,0,68.66666666666667
1,2,3,0,1,64.66666666666667
0,1,0,0,1,64.33333333333333
1,3,5,1,1,67.0
0,3,4,1,0,76.0
0,2,4,1,1,70.33333333333333
1,2,1,1,0,92.66666666666667
0,3,4,0,0,74.33333333333333
1,1,1,0,1,48.333333333333336
1,1,0,1,1,45.333333333333336
0,4,1,0,0,97.33333333333333
0,3,3,0,0,70.0
1,1,2,0,1,52.666666666666664
1,3,1,0,1,67.66666666666667
1,1,4,1,0,72.0
1,0,1,1,1,93.0
0,2,4,1,1,57.0
0,2,2,0,0,60.0
0,4,2,1,1,75.33333333333333
1,0,0,0,0,49.333333333333336
1,0,4,1,0,54.666666666666664
0,1,2,1,1,87.0
0,1,4,0,0,54.0
0,3,3,1,1,60.666666666666664
0,3,5,1,1,91.33333333333333
0,4,5,1,1,78.66666666666667
0,3,1,0,1,71.33333333333333
0,3,0,1,0,76.0
0,3,4,1,1,74.33333333333333
0,2,0,1,1,72.33333333333333
0,0,2,1,1,67.0
0,2,1,0,1,56.333333333333336
0,2,4,1,1,61.0
0,0,5,1,1,59.666666666666664
1,2,4,0,1,56.333333333333336
1,0,5,1,1,61.0
1,4,1,1,1,66.66666666666667
0,4,2,1,1,74.33333333333333
0,2,1,1,0,97.0
0,2,1,1,0,69.0
1,1,2,0,1,23.0
1,0,5,1,1,51.666666666666664
0,3,2,1,1,73.0
0,3,5,1,1,76.0
0,3,3,1,1,59.0
0,2,2,1,1,29.333333333333332
0,4,4,1,1,78.0
1,3,2,0,1,56.0
1,3,3,0,0,87.66666666666667
1,2,5,1,1,69.66666666666667
0,2,0,1,1,83.66666666666667
0,2,3,0,1,50.666666666666664
0,4,4,1,1,62.333333333333336
0,1,0,1,1,62.0
1,3,4,0,0,64.0
0,2,4,1,1,61.0
1,2,1,1,0,91.66666666666667
0,2,0,1,1,72.0
0,0,0,1,1,89.33333333333333
0,2,2,1,1,66.66666666666667
0,4,1,1,1,40.0
1,3,1,1,1,83.0
1,3,3,1,1,86.66666666666667
1,2,0,0,0,68.66666666666667
0,2,2,0,1,50.0
1,1,1,0,1,60.333333333333336
1,2,2,0,0,53.666666666666664
1,0,4,1,0,94.0
0,4,1,0,1,60.333333333333336
1,3,4,1,0,98.66666666666667
1,1,0,0,0,67.33333333333333
1,3,0,1,1,51.666666666666664
1,3,4,0,1,50.666666666666664
0,2,5,1,0,50.0
1,3,4,1,1,67.0
1,1,2,1,1,68.0
0,1,1,1,0,73.66666666666667
0,2,2,1,1,82.66666666666667
1,3,5,1,1,82.66666666666667
1,0,2,1,1,69.66666666666667
0,1,2,0,0,76.0
0,3,5,1,0,86.66666666666667
1,4,4,1,1,78.66666666666667
0,3,0,1,1,74.33333333333333
1,3,2,1,1,48.0
0,3,0,0,0,84.0
0,1,5,0,1,77.33333333333333
0,4,2,1,0,77.66666666666667
1,1,2,1,1,65.0
0,1,1,1,0,75.66666666666667
0,3,0,1,1,64.66666666666667
0,4,2,0,1,64.66666666666667
0,1,2,1,1,52.666666666666664
0,3,4,1,0,76.33333333333333
1,2,5,0,0,53.333333333333336
0,0,2,1,0,74.66666666666667
0,3,4,1,0,89.66666666666667
0,0,0,1,0,69.66666666666667
0,1,5,1,1,77.0
0,1,4,1,1,65.33333333333333
1,2,0,0,1,69.33333333333333
1,3,5,1,1,65.33333333333333
0,3,0,0,1,53.666666666666664
1,3,0,1,1,87.33333333333333
1,2,4,0,1,74.66666666666667
1,2,5,1,1,67.33333333333333
0,3,4,0,1,65.0
0,2,2,1,1,67.0
1,3,0,1,1,68.66666666666667
0,2,5,0,0,56.666666666666664
0,2,4,0,0,69.0
0,1,1,0,1,83.0
1,2,4,1,1,69.33333333333333
1,3,0,1,0,76.66666666666667
0,2,2,0,1,70.0
1,3,0,0,1,53.0
0,2,4,1,1,74.33333333333333
0,2,0,1,0,77.66666666666667
0,3,2,1,0,74.66666666666667
0,1,4,1,0,60.0
0,4,4,1,0,75.66666666666667
0,2,5,1,0,76.0
1,3,0,0,1,78.0
1,3,4,0,1,61.333333333333336
0,3,2,1,1,71.0
1,1,2,1,1,62.666666666666664
1,1,2,1,1,57.0
0,2,5,0,0,37.666666666666664
1,1,4,1,0,65.33333333333333
0,4,3,1,0,97.66666666666667
1,4,4,1,0,76.0
1,3,0,0,1,76.0
1,0,2,0,1,51.666666666666664
1,4,4,0,1,88.66666666666667
0,2,0,1,1,51.666666666666664
0,4,0,0,1,75.66666666666667
0,2,1,0,0,73.66666666666667
0,3,0,1,1,75.66666666666667
0,2,5,1,1,56.0
0,3,4,0,1,84.66666666666667
0,2,0,1,0,82.33333333333333
0,0,1,1,1,67.0
0,3,0,1,0,71.33333333333333
1,2,2,0,1,63.666666666666664
0,4,1,1,0,80.66666666666667
0,1,5,1,1,65.33333333333333
1,0,1,1,0,86.0
0,3,4,1,1,64.66666666666667
0,1,5,0,0,62.0
1,0,1,0,1,66.33333333333333
1,3,2,1,1,38.666666666666664
1,2,4,1,1,59.0
1,3,2,1,1,85.0
0,3,0,0,0,53.666666666666664
1,2,4,1,0,89.0
0,4,5,1,0,83.33333333333333
0,3,4,1,1,99.0
1,3,3,1,1,82.0
0,1,5,1,0,68.0
0,1,0,0,0,85.66666666666667
1,2,0,1,0,74.33333333333333
0,2,0,1,0,97.0
0,2,2,1,1,75.33333333333333
1,4,0,0,0,81.33333333333333
0,2,4,0,1,68.0
1,3,5,0,0,57.666666666666664
0,1,5,0,0,84.0
1,2,2,1,1,46.666666666666664
1,1,4,1,1,43.666666666666664
1,4,4,1,0,75.33333333333333
0,4,0,1,0,72.33333333333333
1,4,5,1,0,58.666666666666664
0,3,2,0,1,83.0
1,2,4,1,1,43.0
0,1,0,0,0,75.0
1,0,5,0,1,48.0
0,2,4,1,0,90.0
1,3,5,1,1,48.666666666666664
0,4,4,0,1,56.0
1,2,3,1,1,61.0
1,2,0,1,1,85.0
0,1,4,0,0,64.0
1,3,0,1,1,75.0
1,2,2,0,1,58.666666666666664
1,3,1,1,1,75.0
0,0,0,0,1,50.0
0,2,2,1,1,82.33333333333333
0,2,0,1,0,68.0
1,1,4,0,1,52.333333333333336
1,3,0,1,1,75.0
1,3,2,1,1,71.66666666666667
1,2,4,1,1,67.0
0,2,1,0,1,56.333333333333336
1,1,4,1,0,85.66666666666667
1,3,5,1,0,69.33333333333333
1,4,4,1,1,68.33333333333333
1,2,3,0,0,77.0
0,2,5,1,0,84.0
1,2,0,0,1,55.333333333333336
0,4,0,1,1,90.33333333333333
1,3,4,1,1,55.0
1,4,1,0,0,70.0
0,3,4,0,0,58.666666666666664
1,1,4,1,0,74.33333333333333
0,2,2,0,1,63.0
0,3,5,1,1,53.333333333333336
1,3,5,1,0,81.66666666666667
0,1,2,1,1,62.333333333333336
1,3,4,1,1,60.666666666666664
0,1,2,1,1,72.66666666666667
0,2,2,1,0,70.0
1,1,2,1,0,66.0
0,3,5,1,1,71.33333333333333
1,0,4,0,1,58.333333333333336
1,1,2,1,1,49.666666666666664
1,3,1,1,1,74.0
0,1,5,0,0,63.666666666666664
0,2,1,0,1,73.0
1,1,4,1,1,63.666666666666664
0,1,5,0,1,54.0
0,1,2,1,1,69.33333333333333
0,2,4,0,1,40.666666666666664
0,0,4,1,0,77.66666666666667
1,4,0,1,0,87.0
0,3,0,0,1,53.0
0,1,3,1,1,83.66666666666667
0,1,2,0,0,81.0
0,2,0,1,0,57.666666666666664
1,2,1,1,0,83.66666666666667
0,1,5,1,0,42.333333333333336
0,4,5,0,1,76.0
0,1,4,1,1,29.666666666666668
1,2,0,0,1,64.66666666666667
0,2,3,0,1,59.333333333333336
0,1,2,1,1,56.666666666666664
0,3,4,0,1,65.33333333333333
1,3,2,0,1,69.66666666666667
1,4,5,1,0,83.33333333333333
0,1,2,1,1,48.333333333333336
0,4,0,0,0,66.0
1,3,2,1,1,70.0
0,4,0,0,1,78.33333333333333
1,4,4,1,1,61.0
0,2,0,1,1,54.666666666666664
1,2,5,1,0,69.33333333333333
1,2,5,1,0,76.33333333333333
0,4,0,1,1,92.0
0,1,4,1,1,84.66666666666667
0,2,4,1,1,75.66666666666667
1,0,4,0,1,76.66666666666667
0,3,4,0,1,71.0
0,4,2,0,1,42.0
1,2,2,1,1,78.0
1,1,1,1,1,54.666666666666664
1,0,5,1,1,39.333333333333336
1,0,2,0,1,47.0
0,2,3,1,0,61.666666666666664
1,4,5,1,0,82.33333333333333
0,2,2,1,1,78.33333333333333
1,1,5,1,0,89.0
0,0,1,1,1,56.0
1,3,1,0,0,69.0
0,1,2,0,1,66.66666666666667
0,2,5,1,1,85.33333333333333
0,0,5,1,0,89.0
0,3,1,0,1,87.0
1,4,4,0,0,50.666666666666664
0,1,2,0,1,80.0
0,2,5,0,1,52.666666666666664
1,2,2,1,1,62.333333333333336
0,2,0,0,0,64.66666666666667
0,2,5,1,1,70.0
0,3,5,0,0,78.66666666666667
1,1,5,1,1,58.333333333333336
0,0,4,0,1,59.333333333333336
0,2,1,0,0,83.0
1,0,1,1,1,60.666666666666664
0,1,2,1,0,82.66666666666667
1,1,4,1,1,51.0
0,2,2,1,0,66.0
1,4,2,1,1,64.66666666666667
0,0,2,1,0,78.66666666666667
1,1,0,0,0,56.0
0,2,0,1,1,72.0
0,3,2,0,1,45.666666666666664
1,2,5,1,1,57.666666666666664
0,1,2,0,0,34.333333333333336
1,1,4,0,0,75.66666666666667
0,3,5,0,0,56.333333333333336
1,4,3,1,1,86.33333333333333
1,2,3,1,0,87.0
1,3,2,1,1,56.0
0,2,2,1,1,66.33333333333333
1,3,0,1,1,74.66666666666667
1,2,3,1,1,68.33333333333333
0,0,2,1,1,64.0
0,4,4,1,1,88.33333333333333
1,4,5,1,1,70.0
1,2,5,1,1,60.333333333333336
0,1,1,1,1,96.66666666666667
1,1,4,0,1,69.33333333333333
0,2,1,1,1,75.0
1,1,2,1,0,49.0
1,2,0,0,1,77.33333333333333
0,2,0,1,1,56.0
0,4,3,0,1,84.66666666666667
1,3,1,0,0,39.666666666666664
0,2,4,1,0,74.0
1,2,0,1,1,93.66666666666667
1,3,4,1,0,84.0
1,2,2,0,1,54.666666666666664
1,1,0,1,1,48.0
1,4,0,0,0,74.66666666666667
1,2,0,0,1,50.333333333333336
1,1,2,1,1,54.666666666666664
0,2,4,1,0,72.66666666666667
1,1,0,1,0,81.33333333333333
1,4,0,0,1,87.33333333333333
0,2,1,0,1,55.333333333333336
1,2,4,0,1,70.0
1,3,4,1,1,82.33333333333333
1,2,5,1,1,57.333333333333336
0,3,5,1,1,70.33333333333333
0,3,0,1,1,71.33333333333333
1,2,1,1,0,64.33333333333333
0,4,1,1,0,70.33333333333333
0,1,2,0,1,69.33333333333333
1,3,1,0,1,48.333333333333336
0,4,0,1,1,52.0
0,2,0,1,0,72.66666666666667
0,4,0,1,0,96.0
1,2,2,0,1,61.666666666666664
0,3,4,0,1,69.33333333333333
1,3,2,0,1,47.666666666666664
0,4,4,1,0,87.33333333333333
0,4,0,1,1,87.33333333333333
0,0,3,0,1,63.333333333333336
1,3,5,1,0,79.0
0,4,0,1,1,63.333333333333336
0,4,5,0,1,34.666666666666664
1,1,2,0,1,30.666666666666668
0,1,5,0,0,73.33333333333333
1,3,0,1,0,61.333333333333336
0,3,5,1,0,75.0
1,3,3,1,1,86.0
0,2,3,1,1,75.0
0,0,2,0,0,41.0
0,3,1,0,0,97.66666666666667
0,3,5,0,1,78.33333333333333
1,3,4,1,1,80.66666666666667
1,1,2,1,1,52.0
0,3,4,1,0,84.66666666666667
0,2,1,0,1,71.33333333333333
1,4,1,1,0,68.0
1,3,1,0,1,46.666666666666664
0,0,4,1,1,78.33333333333333
0,2,1,1,0,59.666666666666664
0,2,1,0,0,58.333333333333336
0,1,0,0,1,54.0
0,4,4,1,1,68.0
1,4,1,1,0,100.0
0,2,2,1,1,52.333333333333336
0,2,0,1,0,71.33333333333333
1,1,4,1,0,92.66666666666667
1,3,2,0,1,68.66666666666667
0,2,2,0,1,44.666666666666664
1,3,2,1,1,68.0
0,1,0,0,1,61.333333333333336
1,3,2,0,1,71.0
1,4,5,1,0,66.0
1,4,0,0,1,57.333333333333336
0,3,2,0,0,65.66666666666667
1,4,0,0,0,44.333333333333336
0,2,5,0,1,51.666666666666664
1,2,4,0,0,70.33333333333333
1,3,4,0,1,60.333333333333336
1,3,0,0,0,68.33333333333333
1,2,1,0,0,73.0
1,2,0,1,0,91.66666666666667
1,3,4,0,1,63.666666666666664
1,0,0,1,1,59.0
0,4,2,0,1,57.333333333333336
1,3,4,1,0,83.66666666666667
1,3,5,1,0,71.33333333333333
1,2,3,0,0,70.0
0,3,3,1,1,88.33333333333333
1,2,2,1,1,70.33333333333333
1,0,5,0,0,61.333333333333336
0,1,2,1,1,62.333333333333336
0,2,0,1,1,57.666666666666664
1,1,2,1,1,81.33333333333333
0,3,4,0,1,55.666666666666664
1,1,5,0,0,50.333333333333336
0,4,2,0,0,68.33333333333333
1,4,2,1,1,79.33333333333333
0,3,4,1,0,78.33333333333333
0,4,5,0,1,73.33333333333333
1,2,2,1,0,54.666666666666664
0,2,4,1,1,66.66666666666667
1,4,0,1,1,63.666666666666664
1,2,4,1,1,84.0
0,3,3,1,1,97.33333333333333
0,3,2,1,1,55.666666666666664
1,2,2,1,1,75.66666666666667
0,0,4,1,1,59.333333333333336
0,3,5,0,1,51.666666666666664
0,4,0,1,1,100.0
0,2,5,0,0,72.0
1,3,4,1,1,62.333333333333336
0,3,4,1,1,68.0
1,0,5,1,0,66.0
1,2,4,1,1,62.0
0,4,0,1,1,70.33333333333333
0,1,1,1,1,79.66666666666667
0,3,1,1,1,96.33333333333333
1,2,5,1,0,73.0
0,0,2,0,0,54.333333333333336
0,3,4,0,1,58.333333333333336
0,0,4,1,1,61.333333333333336
0,2,4,1,0,74.33333333333333
1,1,4,0,0,60.666666666666664
1,2,0,1,1,61.666666666666664
1,3,2,1,0,48.0
0,2,0,1,1,93.33333333333333
0,1,2,0,1,18.333333333333332
1,3,5,1,1,79.0
1,1,5,1,0,83.33333333333333
0,0,4,1,0,85.33333333333333
0,2,5,1,1,77.0
1,0,2,1,1,54.0
0,2,0,1,1,50.0
1,4,5,1,0,77.33333333333333
0,0,5,0,1,44.666666666666664
0,3,4,0,0,78.66666666666667
1,4,2,0,0,80.66666666666667
0,1,5,1,0,75.0
0,3,0,0,1,69.0
0,3,1,0,1,69.33333333333333
1,0,2,1,1,62.666666666666664
0,4,3,1,0,94.0
1,2,2,0,1,57.333333333333336
0,2,2,0,0,65.0
0,3,4,1,0,74.33333333333333
0,3,4,0,1,83.0
